insert_time,pivot_class,group_lv2,key_pg2,href,text,url
202207142000,Banner_1,,1,https://www.books.com.tw/my_account/books_message1.html||,,home_page
202207142000,M201102_024,div[4]/div[2]/div[2]/ul/li,1,https://activity.books.com.tw/crosscat/show/A00000025883/||,,home_page
202207142000,M201102_024,div[4]/div[2]/div[7]/ul/li,1,https://activity.books.com.tw/coupondraw/coupon/||,優惠神券快速領用||,home_page
202207142000,M201102_024,div[4]/div[2]/div[7]/ul/li[2],1,https://activity.books.com.tw/crosscat/show/A00000014033||,,home_page
202207142000,M201102_024,div[4]/div[2]/div[7]/ul/li[3],1,https://activity.books.com.tw/crosscat/show/A00000052101||,,home_page
202207142000,M201102_024,div[4]/div[2]/div[7]/ul/li[4],1,https://www.books.com.tw/activity/fashion/2022/07/fa_design/||,,home_page
202207142000,M201102_024,div[4]/div[2]/div[7]/ul/li[5],1,https://activity.books.com.tw/crosscat/show/A00000015436/||,,home_page
202207142000,M201102_024,div[4]/div[2]/div[7]/ul/li[6],1,https://www.books.com.tw/activity/books_speed/||,,home_page
202207142000,M201102_024,div[4]/div[2]/div[7]/ul/li[7],1,https://group.books.com.tw/||,,home_page
202207142000,M201102_024,div[4]/div[2]/div[7]/ul/li[8],1,https://www.books.com.tw/web/pcsc||,,home_page
202207142000,M201102_024,div[4]/div[2]/div[7]/ul/li[9],1,https://www.books.com.tw/2015_adsale/||,,home_page
202207142000,OKAPI閱讀生活誌,,1,https://okapi.books.com.tw/article/15952||,鄒欣寧／性命交纏、物種共生的科學書寫──關於樹的４本書||,home_page
202207142000,OKAPI閱讀生活誌,,2,,閱讀全文||,home_page
202207142000,banner_2_右方,div[3]/div/div[4]/ul/li,1,https://activity.books.com.tw/crosscat/show/A00000051419||,,home_page
202207142000,banner_2_右方,div[3]/div/div[4]/ul/li[2],1,https://activity.books.com.tw/crosscat/show/A00000051570||,,home_page
202207142000,banner_2_左方,,1,https://activity.books.com.tw/crosscat/show/A00000050646||,,home_page
202207142000,今日66折,,1,https://www.books.com.tw/products/0010917553||,進步一點點，人生就會不一樣||,home_page
202207142000,今日66折,div[4]/div[2]/div/div/div/ul,1,,66折優惠價：$264||,home_page
202207142000,全站分類,div[3]/div/div[6]/div/div/div[2]/ul[2]/li,1,https://www.books.com.tw/web/sys_categoryIndex||,看全部商品分類||,home_page
202207142000,創意生活_1,div[4]/div/div[8]/div/ul,1,https://activity.books.com.tw/crosscat/show/A00000052250||,正官庄||,home_page
202207142000,創意生活_2,div[4]/div/div[8]/div/ul,1,https://activity.books.com.tw/crosscat/show/A00000051945||,毛孩放暑假||,home_page
202207142000,創意生活_3,div[4]/div/div[8]/div/ul,1,https://activity.books.com.tw/crosscat/show/A00000052056||,夏季動漫展||,home_page
202207142000,創意生活_4,div[4]/div/div[8]/div/ul,1,https://activity.books.com.tw/crosscat/show/A00000051361||,夏酒菜特輯||,home_page
202207142000,創意生活_5,div[4]/div/div[8]/div/ul,1,https://activity.books.com.tw/crosscat/show/A00000051655||,貓奇幻樂園||,home_page
202207142000,創意生活_6,div[4]/div/div[8]/div/ul,1,,字我訂造展||,home_page
202207142000,創意生活_6,div[4]/div/div[8]/div[7]/ul/li,1,https://tickets.books.com.tw/progshow/08010901690059||,《WeWORD 字我訂造：流行歌詞及其創造的》新媒體||,home_page
202207142000,品牌館_1,div[4]/div/div[10]/div/ul,1,https://activity.books.com.tw/crosscat/show/A00000051446||,冰爽特輯||,home_page
202207142000,品牌館_2,div[4]/div/div[10]/div/ul,1,https://activity.books.com.tw/crosscat/show/A00000051579||,戶外夏令營||,home_page
202207142000,品牌館_3,div[4]/div/div[10]/div/ul,1,https://www.books.com.tw/web/sys_brand/0/0000005420||,台灣製造||,home_page
202207142000,品牌館_4,div[4]/div/div[10]/div/ul,1,https://www.books.com.tw/exep/activity/promote/2007_promote/promote_activity.php||,夏日搭新包||,home_page
202207142000,品牌館_5,div[4]/div/div[10]/div/ul,1,https://www.books.com.tw/web/flagship_0000003614||,無印良品||,home_page
202207142000,品牌館_6,div[4]/div/div[10]/div/ul,1,https://www.books.com.tw/exep/activity/promote/2007_promote/promote_activity.php||,星巴克||,home_page
202207142000,新品推薦_1,div[4]/div/div[5]/div/ul,1,,中文新書||,home_page
202207142000,新品推薦_1,div[4]/div/div[5]/div[2]/ul/li,1,https://activity.books.com.tw/crosscat/show/A00000052098/1||,吳淡如限量親簽，最新《人生實用商學院》開課||,home_page
202207142000,新品推薦_1,div[4]/div/div[5]/div[2]/ul/li,2,,閱讀注目||,home_page
202207142000,新品推薦_1,div[4]/div/div[5]/div[2]/ul/li[2],1,https://www.books.com.tw/web/sys_puballb/books/||,【最終收藏版】19年後，哈利波特回來了！||,home_page
202207142000,新品推薦_1,div[4]/div/div[5]/div[2]/ul/li[2],2,,新書對焦||,home_page
202207142000,新品推薦_1,div[4]/div/div[5]/div[2]/ul/li[3],1,https://www.books.com.tw/activity/2022/07/book27th/only.html||,收錄「夢日記」手稿｜傳說中的神預言漫畫登場||,home_page
202207142000,新品推薦_1,div[4]/div/div[5]/div[2]/ul/li[3],2,,博客來獨家||,home_page
202207142000,新品推薦_1,div[4]/div/div[5]/div[2]/ul/li[4],1,https://www.books.com.tw/products/0010927923||,不堅定捍衛自己的權利，就會有人替你作決定！||,home_page
202207142000,新品推薦_1,div[4]/div/div[5]/div[2]/ul/li[4],2,https://www.books.com.tw/web/sys_selbooks/books/||,本月選書||,home_page
202207142000,新品推薦_2,div[4]/div/div[5]/div/ul,1,,簡體新書||,home_page
202207142000,新品推薦_2,div[4]/div/div[5]/div[3]/ul/li,1,https://www.books.com.tw/exep/activity/promote/2007_promote/promote_activity.php||,2本75折｜承久之亂奠定了日本700年的權力關係格局||,home_page
202207142000,新品推薦_2,div[4]/div/div[5]/div[3]/ul/li,2,https://www.books.com.tw/web/sys_newarrive/china/||,本週新到貨||,home_page
202207142000,新品推薦_2,div[4]/div/div[5]/div[3]/ul/li[2],1,https://activity.books.com.tw/crosscat/show/A00000051975||,日本甄嬛傳，舊時貴族女性的情感秘辛｜新書79折起||,home_page
202207142000,新品推薦_2,div[4]/div/div[5]/div[3]/ul/li[2],2,,豪門女性生存日記||,home_page
202207142000,新品推薦_2,div[4]/div/div[5]/div[3]/ul/li[3],1,https://activity.books.com.tw/crosscat/show/A00000051861||,《用點心》一部色香味俱全的「唐詩宋詞」！特價299元||,home_page
202207142000,新品推薦_2,div[4]/div/div[5]/div[3]/ul/li[3],2,,凡事多用點心！||,home_page
202207142000,新品推薦_2,div[4]/div/div[5]/div[3]/ul/li[4],1,https://activity.books.com.tw/crosscat/show/A00000051478||,人生沒有捷徑，但有方法讓你少走彎路，限時特價319元||,home_page
202207142000,新品推薦_2,div[4]/div/div[5]/div[3]/ul/li[4],2,,吳軍帶你掌握元智慧||,home_page
202207142000,新品推薦_3,div[4]/div/div[5]/div/ul,1,,外文新書||,home_page
202207142000,新品推薦_3,div[4]/div/div[5]/div[4]/ul/li,1,https://www.books.com.tw/products/F017123968||,錯覺藝術大師M.C. Escher艾雪全新作品集||,home_page
202207142000,新品推薦_3,div[4]/div/div[5]/div[4]/ul/li,2,https://activity.books.com.tw/crosscat/show/A00000051407||,藝術博覽會399元起||,home_page
202207142000,新品推薦_3,div[4]/div/div[5]/div[4]/ul/li[2],1,https://www.books.com.tw/products/F019101541||,暢銷1200萬冊，幼兒界超級天王||,home_page
202207142000,新品推薦_3,div[4]/div/div[5]/div[4]/ul/li[2],2,https://www.books.com.tw/web/store_children/||,兒童暑期閱讀２折起||,home_page
202207142000,新品推薦_3,div[4]/div/div[5]/div[4]/ul/li[3],1,https://www.books.com.tw/products/F014156938||,獨家！Leo Lionni 繪本7冊套書，超值珍藏||,home_page
202207142000,新品推薦_3,div[4]/div/div[5]/div[4]/ul/li[3],2,https://www.books.com.tw/web/preview/store_children/||,童書經典中的經典||,home_page
202207142000,新品推薦_3,div[4]/div/div[5]/div[4]/ul/li[4],1,https://www.books.com.tw/products/F018980464||,彭定康香港日記：理解香港歷史與近年情勢的必讀之作||,home_page
202207142000,新品推薦_3,div[4]/div/div[5]/div[4]/ul/li[4],2,https://activity.books.com.tw/crosscat/show/A00000051325||,香港主權移交25週年||,home_page
202207142000,新品推薦_4,div[4]/div/div[5]/div/ul,1,,雜誌新刊||,home_page
202207142000,新品推薦_4,div[4]/div/div[5]/div[5]/ul/li,1,https://activity.books.com.tw/crosscat/show/A00000000900||,小小兵迷你電子手寫平板||,home_page
202207142000,新品推薦_4,div[4]/div/div[5]/div[5]/ul/li,2,,可愛不邪惡||,home_page
202207142000,新品推薦_4,div[4]/div/div[5]/div[5]/ul/li[2],1,https://activity.books.com.tw/crosscat/show/A00000017391||,《SPY×FAMILY 間諜家家酒》特集||,home_page
202207142000,新品推薦_4,div[4]/div/div[5]/div[5]/ul/li[2],2,,今年最有愛的一家人||,home_page
202207142000,新品推薦_4,div[4]/div/div[5]/div[5]/ul/li[3],1,https://www.books.com.tw/products/F030134614||,安倍晉三||,home_page
202207142000,新品推薦_4,div[4]/div/div[5]/div[5]/ul/li[3],2,,日本戰後最重要領導人||,home_page
202207142000,新品推薦_4,div[4]/div/div[5]/div[5]/ul/li[4],1,https://activity.books.com.tw/crosscat/show/A00000006208/1||,Angry Birds 憤怒鳥小香水||,home_page
202207142000,新品推薦_4,div[4]/div/div[5]/div[5]/ul/li[4],2,,時尚雜誌超值禮||,home_page
202207142000,新品推薦_5,div[4]/div/div[5]/div/ul,1,,創意生活||,home_page
202207142000,新品推薦_5,div[4]/div/div[5]/div[6]/ul/li,1,https://www.books.com.tw/products/N001450363||,【卡滋】番薯脆片雙併組合||,home_page
202207142000,新品推薦_5,div[4]/div/div[5]/div[6]/ul/li,2,,輕鬆吃無負擔||,home_page
202207142000,新品推薦_5,div[4]/div/div[5]/div[6]/ul/li[2],1,https://www.books.com.tw/exep/activity/promote/2007_promote/promote_activity.php||,《台灣 Tryall》蛋白點心系列｜任選2件93折||,home_page
202207142000,新品推薦_5,div[4]/div/div[5]/div[6]/ul/li[2],2,,任選2件93折||,home_page
202207142000,新品推薦_5,div[4]/div/div[5]/div[6]/ul/li[3],1,https://www.books.com.tw/products/N001427704||,腿部拉伸板 足背拉筋板 斜踏板 9段高度可調 恩特藍||,home_page
202207142000,新品推薦_5,div[4]/div/div[5]/div[6]/ul/li[3],2,,9檔角度 滿足不同需求||,home_page
202207142000,新品推薦_5,div[4]/div/div[5]/div[6]/ul/li[4],1,https://www.books.com.tw/products/N011545654||,【摩達客寵物系列】德國紅點設計得獎-Super SD Pets寵物樹葉折疊飲水餵水器600ml水壺無單一||,home_page
202207142000,新品推薦_5,div[4]/div/div[5]/div[6]/ul/li[4],2,,reddot 嚴選上市||,home_page
202207142000,新品推薦_6,div[4]/div/div[5]/div/ul,1,,美妝時尚||,home_page
202207142000,新品推薦_6,div[4]/div/div[5]/div[7]/ul/li,1,https://www.books.com.tw/products/N012901872||,Maktar 66W充電器X印花樂||,home_page
202207142000,新品推薦_6,div[4]/div/div[5]/div[7]/ul/li,2,,早鳥預購優惠||,home_page
202207142000,新品推薦_6,div[4]/div/div[5]/div[7]/ul/li[2],1,https://www.books.com.tw/products/N001428706||,aibo  多功能三腳架 露營風扇||,home_page
202207142000,新品推薦_6,div[4]/div/div[5]/div[7]/ul/li[2],2,,風扇+LED夜燈雙功能設計||,home_page
202207142000,新品推薦_6,div[4]/div/div[5]/div[7]/ul/li[3],1,https://www.books.com.tw/products/N001445834||,渡美新品上市！指定品滿額輸入序號再折$168||,home_page
202207142000,新品推薦_6,div[4]/div/div[5]/div[7]/ul/li[3],2,,有感精準抗痘||,home_page
202207142000,新品推薦_6,div[4]/div/div[5]/div[7]/ul/li[4],1,https://www.books.com.tw/web/sys_brand/0/0000015120/||,ST.MALO 新品上市||,home_page
202207142000,新品推薦_6,div[4]/div/div[5]/div[7]/ul/li[4],2,,VIP享滿額再折||,home_page
202207142000,新品推薦_7,div[4]/div/div[5]/div/ul,1,,影音||,home_page
202207142000,新品推薦_7,div[4]/div/div[5]/div[8]/ul/li,1,https://www.books.com.tw/products/0020227381||,最偉大的作品即將問世！7/8開始預購||,home_page
202207142000,新品推薦_7,div[4]/div/div[5]/div[8]/ul/li,2,,【周杰倫】||,home_page
202207142000,新品推薦_7,div[4]/div/div[5]/div[8]/ul/li[2],1,https://www.books.com.tw/products/0020225989||,霸氣回歸！2022全新唱作專輯||,home_page
202207142000,新品推薦_7,div[4]/div/div[5]/div[8]/ul/li[2],2,,【A-Lin】||,home_page
202207142000,新品推薦_7,div[4]/div/div[5]/div[8]/ul/li[3],1,https://activity.books.com.tw/crosscat/show/A00000000818||,重返魔法世界! 怪產＆哈利波特影音商品這裡看||,home_page
202207142000,新品推薦_7,div[4]/div/div[5]/div[8]/ul/li[3],2,,【怪獸與鄧不利多的秘密】||,home_page
202207142000,新品推薦_7,div[4]/div/div[5]/div[8]/ul/li[4],1,https://www.books.com.tw/products/0020227312||,這是一趟清掃自己的房間，治癒內在陰影，回歸自性的旅程||,home_page
202207142000,新品推薦_7,div[4]/div/div[5]/div[8]/ul/li[4],2,,【9m88】||,home_page
202207142000,新品推薦_8,div[4]/div/div[5]/div/ul,1,,售票||,home_page
202207142000,新品推薦_8,div[4]/div/div[5]/div[9]/ul/li,1,https://tickets.books.com.tw/progshow/01020001236541||,【特『刀劍亂舞-花丸-』~雪之卷~】||,home_page
202207142000,新品推薦_8,div[4]/div/div[5]/div[9]/ul/li,2,,特『刀劍亂舞-花丸-』||,home_page
202207142000,新品推薦_8,div[4]/div/div[5]/div[9]/ul/li[2],1,https://tickets.books.com.tw/progshow/01030001719381||,《席琳狄翁外傳：愛的力量》||,home_page
202207142000,新品推薦_8,div[4]/div/div[5]/div[9]/ul/li[3],1,https://tickets.books.com.tw/progshow/01020001479323||,《于堇：蘭心大劇院》||,home_page
202207142000,新品推薦_8,div[4]/div/div[5]/div[9]/ul/li[4],1,https://tickets.books.com.tw/progshow/02050005690031||,BEING sport統一健身||,home_page
202207142000,新品推薦_8,div[4]/div/div[5]/div[9]/ul/li[4],2,,BEING sport||,home_page
202207142000,時尚3C_1,div[4]/div/div[9]/div/ul,1,https://activity.books.com.tw/crosscat/show/A00000052109||,電子閱讀器||,home_page
202207142000,時尚3C_2,div[4]/div/div[9]/div/ul,1,https://www.books.com.tw/activity/fashion/2022/07/fa_design/||,玩味好設計||,home_page
202207142000,時尚3C_3,div[4]/div/div[9]/div/ul,1,,浪漫香氛季||,home_page
202207142000,時尚3C_3,div[4]/div/div[9]/div[4]/ul/li,1,https://www.books.com.tw/web/sys_brmidm/cosmetic_0000000044/07||,指定品憑序號下單再折$200||,home_page
202207142000,時尚3C_3,div[4]/div/div[9]/div[4]/ul/li,2,,雅頓經典淡香||,home_page
202207142000,時尚3C_3,div[4]/div/div[9]/div[4]/ul/li[2],1,https://www.books.com.tw/exep/activity/promote/2007_promote/promote_activity.php||,多款可選，2件9折||,home_page
202207142000,時尚3C_3,div[4]/div/div[9]/div[4]/ul/li[2],2,,日系香水×香氛||,home_page
202207142000,時尚3C_3,div[4]/div/div[9]/div[4]/ul/li[3],1,https://www.books.com.tw/web/sys_brand/0/0000015527||,擺在各種空間都能展現個人魅力||,home_page
202207142000,時尚3C_3,div[4]/div/div[9]/div[4]/ul/li[3],2,,打造優雅居家與室內空間||,home_page
202207142000,時尚3C_4,div[4]/div/div[9]/div/ul,1,https://www.books.com.tw/web/sys_brand/0/0000004624||,夏日氣泡水||,home_page
202207142000,時尚3C_5,div[4]/div/div[9]/div/ul,1,https://activity.books.com.tw/crosscat/show/A00000051721||,美包新上市||,home_page
202207142000,時尚3C_6,div[4]/div/div[9]/div/ul,1,https://activity.books.com.tw/crosscat/show/A00000046352||,宅家大掃除||,home_page
202207142000,暢銷熱賣_1,div[4]/div/div[6]/div/ul,1,,中文書||,home_page
202207142000,暢銷熱賣_1,div[4]/div/div[6]/div[2]/ul/li,1,https://www.books.com.tw/products/0010928487||,文青系偶像加藤成亮，青春系小說的全新頂點||,home_page
202207142000,暢銷熱賣_1,div[4]/div/div[6]/div[2]/ul/li,2,https://www.books.com.tw/web/sys_newtopb/books/01/||,文學小說矚目推薦||,home_page
202207142000,暢銷熱賣_1,div[4]/div/div[6]/div[2]/ul/li[2],1,https://www.books.com.tw/products/0010927784||,不想當順民的都會中產階級之必讀人生指南！||,home_page
202207142000,暢銷熱賣_1,div[4]/div/div[6]/div[2]/ul/li[2],2,https://www.books.com.tw/web/sys_newtopb/books/07/||,心理勵志矚目推薦||,home_page
202207142000,暢銷熱賣_1,div[4]/div/div[6]/div[2]/ul/li[3],1,https://www.books.com.tw/products/0010927656||,第四波來了，一本看懂精品咖啡大未來！||,home_page
202207142000,暢銷熱賣_1,div[4]/div/div[6]/div[2]/ul/li[3],2,https://www.books.com.tw/web/sys_newtopb/books/09/||,飲食矚目推薦||,home_page
202207142000,暢銷熱賣_1,div[4]/div/div[6]/div[2]/ul/li[4],1,https://www.books.com.tw/products/0010927623||,下雨的日子，說不定會發生什麼好事喲||,home_page
202207142000,暢銷熱賣_1,div[4]/div/div[6]/div[2]/ul/li[4],2,https://www.books.com.tw/web/sys_newtopb/books/14/||,童書矚目推薦||,home_page
202207142000,暢銷熱賣_2,div[4]/div/div[6]/div/ul,1,,簡體書||,home_page
202207142000,暢銷熱賣_2,div[4]/div/div[6]/div[3]/ul/li,1,https://www.books.com.tw/web/sys_saletopb/china/04/||,羅振宇新書！從這本書開始，愛上閱讀一點點吧！||,home_page
202207142000,暢銷熱賣_2,div[4]/div/div[6]/div[3]/ul/li,2,,社科/心裡最暢銷||,home_page
202207142000,暢銷熱賣_2,div[4]/div/div[6]/div[3]/ul/li[2],1,https://www.books.com.tw/web/sys_saletopb/china/01/||,林更新、譚松韻領銜主演，電視劇《請叫我總監》原著小說||,home_page
202207142000,暢銷熱賣_2,div[4]/div/div[6]/div[3]/ul/li[2],2,,文學小說最暢銷||,home_page
202207142000,暢銷熱賣_2,div[4]/div/div[6]/div[3]/ul/li[3],1,https://www.books.com.tw/web/sys_saletopb/china/03/||,從基因的角度告訴你中國人的祖先究竟是誰||,home_page
202207142000,暢銷熱賣_2,div[4]/div/div[6]/div[3]/ul/li[3],2,,史地最暢銷||,home_page
202207142000,暢銷熱賣_2,div[4]/div/div[6]/div[3]/ul/li[4],1,https://www.books.com.tw/web/sys_saletopb/china/05/||,一本專門討論懷疑論的哲學入門書《懷疑頌》||,home_page
202207142000,暢銷熱賣_2,div[4]/div/div[6]/div[3]/ul/li[4],2,,哲學/宗教最暢銷||,home_page
202207142000,暢銷熱賣_3,div[4]/div/div[6]/div/ul,1,,外文書||,home_page
202207142000,暢銷熱賣_3,div[4]/div/div[6]/div[4]/ul/li,1,https://www.books.com.tw/products/F018166233||,小鼠波波生活成長繪本套書（15本合售）||,home_page
202207142000,暢銷熱賣_3,div[4]/div/div[6]/div[4]/ul/li,2,https://www.books.com.tw/web/sys_saletopb/fbooks/10/||,童書暢銷榜||,home_page
202207142000,暢銷熱賣_3,div[4]/div/div[6]/div[4]/ul/li[2],1,https://www.books.com.tw/products/F018266413||,讓人讀著讀著，忍不住露出姨母笑的哲學入門！||,home_page
202207142000,暢銷熱賣_3,div[4]/div/div[6]/div[4]/ul/li[2],2,https://www.books.com.tw/web/sys_saletopb/fbooks/06||,人文社科暢銷||,home_page
202207142000,暢銷熱賣_3,div[4]/div/div[6]/div[4]/ul/li[3],1,https://www.books.com.tw/products/F019042811||,DC迷開搶！蝙蝠俠明信片收藏組(100張不重複)||,home_page
202207142000,暢銷熱賣_3,div[4]/div/div[6]/div[4]/ul/li[3],2,https://www.books.com.tw/web/sys_saletopb/fbooks/02||,藝術設計暢銷||,home_page
202207142000,暢銷熱賣_3,div[4]/div/div[6]/div[4]/ul/li[4],1,https://www.books.com.tw/products/F017604544||,大膽的戀愛假說，由科學家實驗給你看！||,home_page
202207142000,暢銷熱賣_3,div[4]/div/div[6]/div[4]/ul/li[4],2,https://www.books.com.tw/web/sys_saletopb/fbooks/01/||,文學小說暢銷||,home_page
202207142000,暢銷熱賣_4,div[4]/div/div[6]/div/ul,1,,日文書||,home_page
202207142000,暢銷熱賣_4,div[4]/div/div[6]/div[5]/ul/li,1,https://activity.books.com.tw/crosscat/show/A00000051450||,日文繪本二本9折||,home_page
202207142000,暢銷熱賣_4,div[4]/div/div[6]/div[5]/ul/li,2,,麵包小偷又來啦！||,home_page
202207142000,暢銷熱賣_4,div[4]/div/div[6]/div[5]/ul/li[2],1,https://activity.books.com.tw/crosscat/show/A00000051163||,安倍晋三與「台灣有事」||,home_page
202207142000,暢銷熱賣_4,div[4]/div/div[6]/div[5]/ul/li[2],2,,台日友好的推手||,home_page
202207142000,暢銷熱賣_4,div[4]/div/div[6]/div[5]/ul/li[3],1,https://activity.books.com.tw/crosscat/show/A00000051566||,日本進口BL二本9折||,home_page
202207142000,暢銷熱賣_4,div[4]/div/div[6]/div[5]/ul/li[3],2,,男上加男、相腐相成||,home_page
202207142000,暢銷熱賣_4,div[4]/div/div[6]/div[5]/ul/li[4],1,https://activity.books.com.tw/crosscat/show/A00000008859||,羽生結弦完全專集||,home_page
202207142000,暢銷熱賣_4,div[4]/div/div[6]/div[5]/ul/li[4],2,,日本冰上王子||,home_page
202207142000,暢銷熱賣_5,div[4]/div/div[6]/div/ul,1,,創意生活||,home_page
202207142000,暢銷熱賣_5,div[4]/div/div[6]/div[6]/ul/li,1,https://www.books.com.tw/products/N001445512||,OLOGY 流沙杯墊||,home_page
202207142000,暢銷熱賣_5,div[4]/div/div[6]/div[6]/ul/li,2,,防滑膠條 穩固安心||,home_page
202207142000,暢銷熱賣_5,div[4]/div/div[6]/div[6]/ul/li[2],1,https://www.books.com.tw/products/N001425556||,【日本YAMAKA】Snoopy史努比不鏽鋼極凍環保冰塊 2入組||,home_page
202207142000,暢銷熱賣_5,div[4]/div/div[6]/div[6]/ul/li[2],2,,放置冰箱冷卻後可做為冰塊用||,home_page
202207142000,暢銷熱賣_5,div[4]/div/div[6]/div[6]/ul/li[3],1,https://activity.books.com.tw/crosscat/show/A00000052093||,【AmissU】100% 60支玻尿酸天絲睡出水光肌涼被(5x6.5呎) 2入-慕夏||,home_page
202207142000,暢銷熱賣_5,div[4]/div/div[6]/div[6]/ul/li[3],2,,美膚鎖水涼爽被||,home_page
202207142000,暢銷熱賣_5,div[4]/div/div[6]/div[6]/ul/li[4],1,https://www.books.com.tw/products/N001425945||,[星巴克]輕巧運動包-岩灰色||,home_page
202207142000,暢銷熱賣_5,div[4]/div/div[6]/div[6]/ul/li[4],2,,線上限定新品上市||,home_page
202207142000,暢銷熱賣_6,div[4]/div/div[6]/div/ul,1,,美妝時尚||,home_page
202207142000,暢銷熱賣_6,div[4]/div/div[6]/div[7]/ul/li,1,https://www.books.com.tw/products/N001155984||,SMATE須眉 兒童電動理髮器||,home_page
202207142000,暢銷熱賣_6,div[4]/div/div[6]/div[7]/ul/li,2,,隨心造型，自我掌控||,home_page
202207142000,暢銷熱賣_6,div[4]/div/div[6]/div[7]/ul/li[2],1,https://www.books.com.tw/activity/fashion/2022/07/3c_mobiscribe/||,加碼送圖書禮物卡1200||,home_page
202207142000,暢銷熱賣_6,div[4]/div/div[6]/div[7]/ul/li[2],2,,獨家下殺84折||,home_page
202207142000,暢銷熱賣_6,div[4]/div/div[6]/div[7]/ul/li[3],1,https://www.books.com.tw/web/sys_brand/0/0000012924||,Jilli~ko新品上市 全館72折起||,home_page
202207142000,暢銷熱賣_6,div[4]/div/div[6]/div[7]/ul/li[3],2,,滿1380元再折100元||,home_page
202207142000,暢銷熱賣_6,div[4]/div/div[6]/div[7]/ul/li[4],1,https://www.books.com.tw/products/N012893816||,萌翻！湯姆貓和傑利鼠永遠好朋友拼圖||,home_page
202207142000,暢銷熱賣_6,div[4]/div/div[6]/div[7]/ul/li[4],2,,永不分開的歡喜搭檔||,home_page
202207142000,暢銷熱賣_7,div[4]/div/div[6]/div/ul,1,,影音||,home_page
202207142000,暢銷熱賣_7,div[4]/div/div[6]/div[8]/ul/li,1,https://activity.books.com.tw/crosscat/show/A00000050654||,榮獲2022金曲獎最佳華語女歌手等4大獎項||,home_page
202207142000,暢銷熱賣_7,div[4]/div/div[6]/div[8]/ul/li,2,,【蔡健雅】||,home_page
202207142000,暢銷熱賣_7,div[4]/div/div[6]/div[8]/ul/li[2],1,https://activity.books.com.tw/crosscat/show/A00000046775||,全新錄製重磅豪華復刻版||,home_page
202207142000,暢銷熱賣_7,div[4]/div/div[6]/div[8]/ul/li[2],2,,【魚丁糸】||,home_page
202207142000,暢銷熱賣_7,div[4]/div/div[6]/div[8]/ul/li[3],1,https://activity.books.com.tw/crosscat/show/A00000042464||,金馬肯定！曾敬驊Ｘ陳昊森詮釋最虐心愛戀||,home_page
202207142000,暢銷熱賣_7,div[4]/div/div[6]/div[8]/ul/li[3],2,,【刻在你心底的名字】||,home_page
202207142000,暢銷熱賣_7,div[4]/div/div[6]/div[8]/ul/li[4],1,https://www.books.com.tw/products/0020226392||,嘻哈音樂才子最新專輯！||,home_page
202207142000,暢銷熱賣_7,div[4]/div/div[6]/div[8]/ul/li[4],2,,【熊仔】||,home_page
202207142000,暢銷熱賣_8,div[4]/div/div[6]/div/ul,1,,售票||,home_page
202207142000,暢銷熱賣_8,div[4]/div/div[6]/div[9]/ul/li,1,https://tickets.books.com.tw/progshow/08010901690059||,《WeWORD 字我訂造：流行歌詞及其創造的》新媒體||,home_page
202207142000,暢銷熱賣_8,div[4]/div/div[6]/div[9]/ul/li,2,,WeWORD 字我訂造||,home_page
202207142000,暢銷熱賣_8,div[4]/div/div[6]/div[9]/ul/li[2],1,https://tickets.books.com.tw/progshow/08010201057286||,大昆蟲展V2 蟲蟲親子列車出發||,home_page
202207142000,暢銷熱賣_8,div[4]/div/div[6]/div[9]/ul/li[2],2,,大昆蟲展V2 蟲蟲親子列車||,home_page
202207142000,暢銷熱賣_8,div[4]/div/div[6]/div[9]/ul/li[3],1,https://tickets.books.com.tw/progshow/08010901173783||,波隆那插畫x國際無字繪本雙聯展||,home_page
202207142000,暢銷熱賣_8,div[4]/div/div[6]/div[9]/ul/li[3],2,,波隆那插畫x國際無字繪本雙||,home_page
202207142000,暢銷熱賣_8,div[4]/div/div[6]/div[9]/ul/li[4],1,https://tickets.books.com.tw/progshow/09040101500831||,星巴克飲料券||,home_page
202207142000,每日一物,,1,https://activity.books.com.tw/crosscat/show/A00000013543||,Nintendo Switch OLED 主機+原廠新版收納包 [台灣公司貨]||,home_page
202207142000,每日一物,div[4]/div[2]/div/div[2]/div/ul,1,,今日優惠價：$10480||,home_page
202207142000,活動_分頁式,div[4]/div/div/div[2]/div/div/ul/li,1,https://activity.books.com.tw/crosscat/show/A00000050714||,,home_page
202207142000,活動_分頁式,div[4]/div/div/div[2]/div/div/ul/li[2],1,https://activity.books.com.tw/crosscat/show/A00000051931||,,home_page
202207142000,活動_分頁式,div[4]/div/div/div[2]/div/div/ul/li[3],1,https://activity.books.com.tw/crosscat/show/A00000051633||,,home_page
202207142000,活動_分頁式,div[4]/div/div/div[2]/div/div/ul/li[4],1,https://activity.books.com.tw/crosscat/show/A00000051278||,,home_page
202207142000,活動_分頁式,div[4]/div/div/div[2]/div/div/ul/li[5],1,https://activity.books.com.tw/crosscat/show/A00000052071||,,home_page
202207142000,活動_分頁式,div[4]/div/div/div[2]/div/div/ul/li[6],1,https://activity.books.com.tw/crosscat/show/A00000052133||,,home_page
202207142000,活動_分頁式,div[4]/div/div/div[2]/div/div/ul/li[7],1,https://activity.books.com.tw/crosscat/show/A00000041925||,,home_page
202207142000,活動_分頁式,div[4]/div/div/div[2]/div/div/ul/li[8],1,https://activity.books.com.tw/crosscat/show/A00000001786||,,home_page
202207142000,活動_分頁式,div[4]/div/div/div[2]/div/div/ul/li[9],1,https://tickets.books.com.tw/progshow/08010901690059||,WeWORD 字我訂造||,home_page
202207142000,活動_可能感興趣,div[4]/div/div[11]/div/div/div[2]/ul/li,1,https://activity.books.com.tw/everylettermatters/index||,博客來【每字美句】收藏、紀錄、分享你最愛的一句||,home_page
202207142000,活動_搜尋列_上方,,1,,客服公告：||,home_page
202207142000,活動_搜尋列_上方,,2,https://www.books.com.tw/my_account/books_message1.html||,詳情||,home_page
202207142000,活動_搜尋列_上方,div[3]/div/div[5]/ul/li,1,https://activity.books.com.tw/crosscat/show/A00000014033/||,,home_page
202207142000,活動_搜尋列_上方,div[3]/div/div[5]/ul/li[2],1,https://www.books.com.tw/web/ticket/||,電子票券||,home_page
202207142000,活動_搜尋列_上方,div[3]/div/div[5]/ul/li[3],1,https://myaccount.books.com.tw/myaccount/myaccount/memberReadMileage||,每日簽到||,home_page
202207142000,活動_搜尋列_上方,div[3]/div/div[5]/ul/li[4],1,https://www.books.com.tw/web/giftcard/||,,home_page
202207142000,活動_搜尋列_上方,div[3]/div/div[5]/ul/li[5],1,https://activity.books.com.tw/books66/||,今日66折||,home_page
202207142000,活動_搜尋列_上方,div[3]/div/div[5]/ul/li[6],1,https://www.books.com.tw/happybuy||,天天BUY||,home_page
202207142000,活動_搜尋列_右方,,1,,熱門關鍵字||,home_page
202207142000,活動_搜尋列_右方,div[3]/div/div[6]/div[3]/div/ul/li,1,https://activity.books.com.tw/crosscat/show/A00000051931||,心想事成書展||,home_page
202207142000,活動_搜尋列_右方,div[3]/div/div[6]/div[3]/div/ul/li[2],1,https://activity.books.com.tw/crosscat/show/A00000052141||,幼幼書75折||,home_page
202207142000,活動_搜尋列_右方,div[3]/div/div[6]/div[3]/div/ul/li[3],1,https://activity.books.com.tw/crosscat/show/A00000052131||,星巴克中秋禮盒||,home_page
202207142000,活動_搜尋列_右方,div[3]/div/div[6]/div[3]/div/ul/li[4],1,https://activity.books.com.tw/crosscat/show/A00000009599||,佳麗寶4折起||,home_page
202207142000,活動_摺疊_最上方,,1,https://activity.books.com.tw/crosscat/show/A00000052072||,,home_page
202207142000,活動_最右側_div_5,div[4]/div[2]/div[4]/div/ul/li,1,https://www.books.com.tw/products/0010928604||,日日台中款：蔡其昌的故鄉再發現||,home_page
202207142000,活動_最右側_div_5,div[4]/div[2]/div[4]/div/ul/li[2],1,https://www.books.com.tw/products/0020227381||,周杰倫 / 最偉大的作品||,home_page
202207142000,活動_最右側_div_5,div[4]/div[2]/div[4]/div/ul/li[3],1,https://www.books.com.tw/products/N011770197||,旗艦級相片沖印 5*7吋【受託代銷】||,home_page
202207142000,活動_最右側_div_5,div[4]/div[2]/div[4]/div/ul/li[4],1,https://www.books.com.tw/products/0010917553||,進步一點點，人生就會不一樣||,home_page
202207142000,活動_最右側_div_5,div[4]/div[2]/div[4]/div/ul/li[5],1,https://www.books.com.tw/products/0010929249||,防彈筆記法（博客來獨家限量筆記思考牌卡）：簡單輸出式筆記架構，保護高產出、高效能心流||,home_page
202207142000,活動_最右側_div_6,div[4]/div[2]/div[5]/div/ul,1,https://activity.books.com.tw/crosscat/show/A00000051632||,浪漫香氛季》指定品分級會員滿額憑序號現折$200||,home_page
202207142000,活動_最右側_div_6,div[4]/div[2]/div[5]/div/ul,2,https://activity.books.com.tw/crosscat/show/A00000051579||,Outdoor Life 夏令營》指定品分級會員滿額再9折||,home_page
202207142000,活動_最右側_div_6,div[4]/div[2]/div[5]/div/ul,3,https://www.books.com.tw/activity/fashion/2022/07/fa_design/||,玩味好設計》指定品分級會員滿額憑序號現折$100||,home_page
202207142000,活動_最右側_div_6,div[4]/div[2]/div[5]/div/ul,4,https://activity.books.com.tw/memday/||,好康優惠精選推薦||,home_page
202207142000,銀行優惠,div[4]/div[2]/div[6]/div/ul/li,1,https://www.books.com.tw/web/bank_detail/cub||,,home_page
202207142000,銀行優惠,div[4]/div[2]/div[6]/div/ul/li[2],1,https://www.books.com.tw/web/bank_detail/citibank||,,home_page
202207142000,銀行優惠,div[4]/div[2]/div[6]/div/ul/li[3],1,https://www.books.com.tw/web/bank_detail/esunbank||,,home_page
202207142000,閱讀話題_1,div[4]/div/div[7]/div/ul,1,,動漫博覽會||,home_page
202207142000,閱讀話題_1,div[4]/div/div[7]/div[2]/ul/li,1,https://www.books.com.tw/products/0010927817||,「但願能透過漫畫，表現無限的世界。」||,home_page
202207142000,閱讀話題_1,div[4]/div/div[7]/div[2]/ul/li,2,,讀者口耳相傳的傳奇漫畫||,home_page
202207142000,閱讀話題_1,div[4]/div/div[7]/div[2]/ul/li[2],1,https://activity.books.com.tw/crosscat/show/A00000051514||,引爆全世代動漫熱潮！這本漫畫真厲害冠軍||,home_page
202207142000,閱讀話題_1,div[4]/div/div[7]/div[2]/ul/li[2],2,,國民女鵝安妮亞來了||,home_page
202207142000,閱讀話題_1,div[4]/div/div[7]/div[2]/ul/li[3],1,https://activity.books.com.tw/crosscat/show/A00000051635||,使他沉著冷靜的心為之狂熱的究竟是什麼||,home_page
202207142000,閱讀話題_1,div[4]/div/div[7]/div[2]/ul/li[3],2,,柯南的秘密將徹底公開||,home_page
202207142000,閱讀話題_1,div[4]/div/div[7]/div[2]/ul/li[4],1,https://activity.books.com.tw/crosscat/show/A00000051556||,鳴人得知當年的真相，也獲得進一步的成長||,home_page
202207142000,閱讀話題_1,div[4]/div/div[7]/div[2]/ul/li[4],2,,火影忍者全球首套愛藏版||,home_page
202207142000,閱讀話題_2,div[4]/div/div[7]/div/ul,1,,最殺曬書節||,home_page
202207142000,閱讀話題_2,div[4]/div/div[7]/div[3]/ul/li,1,https://www.books.com.tw/web/sys_sumcat/summersale_books/07/||,如果早點遇見角子，那些傷心的過程就不會那麼孤單||,home_page
202207142000,閱讀話題_2,div[4]/div/div[7]/div[3]/ul/li,2,,獻給正在愛裡卡關的人||,home_page
202207142000,閱讀話題_2,div[4]/div/div[7]/div[3]/ul/li[2],1,https://activity.books.com.tw/crosscat/show/A00000052049||,他的每個奇想，都令人驚歎，甚至膽寒||,home_page
202207142000,閱讀話題_2,div[4]/div/div[7]/div[3]/ul/li[2],2,,科幻大師倪匡巔峰之作||,home_page
202207142000,閱讀話題_2,div[4]/div/div[7]/div[3]/ul/li[3],1,https://www.books.com.tw/products/0010862805||,83項國際議題分析，建立你的世界觀！||,home_page
202207142000,閱讀話題_2,div[4]/div/div[7]/div[3]/ul/li[3],2,,史上最視覺系的全球趨勢分析||,home_page
202207142000,閱讀話題_2,div[4]/div/div[7]/div[3]/ul/li[4],1,https://www.books.com.tw/web/sys_sumdct/discount_50_books/||,可邊讀邊做香氛製品的兒童讀本||,home_page
202207142000,閱讀話題_2,div[4]/div/div[7]/div[3]/ul/li[4],2,,小學生最愛||,home_page
202207142000,閱讀話題_3,div[4]/div/div[7]/div/ul,1,,悼安倍晉三||,home_page
202207142000,閱讀話題_3,div[4]/div/div[7]/div[4]/ul/li,1,https://www.books.com.tw/products/0010929040||,他可能是對日本及亞洲影響最深遠的當代政治家||,home_page
202207142000,閱讀話題_3,div[4]/div/div[7]/div[4]/ul/li,2,,台灣不可不知的安倍晉三戰略||,home_page
202207142000,閱讀話題_3,div[4]/div/div[7]/div[4]/ul/li[2],1,https://www.books.com.tw/products/F030134614||,縱橫政壇30年！日本在任時間最長的首相||,home_page
202207142000,閱讀話題_3,div[4]/div/div[7]/div[4]/ul/li[2],2,,他改變日本在世界的地位||,home_page
202207142000,閱讀話題_3,div[4]/div/div[7]/div[4]/ul/li[3],1,https://www.books.com.tw/products/0010367545||,台灣借鏡！看安倍桑如何從派老政界脫穎而出||,home_page
202207142000,閱讀話題_3,div[4]/div/div[7]/div[4]/ul/li[3],2,,日本前首相之告白國書||,home_page
202207142000,閱讀話題_3,div[4]/div/div[7]/div[4]/ul/li[4],1,https://www.books.com.tw/products/0010927793||,台日面對共同威脅，在關係上形同命運共同體||,home_page
202207142000,閱讀話題_3,div[4]/div/div[7]/div[4]/ul/li[4],2,,台灣有事即日本有事||,home_page
202207142000,閱讀話題_4,div[4]/div/div[7]/div/ul,1,,暑期閱讀||,home_page
202207142000,閱讀話題_4,div[4]/div/div[7]/div[5]/ul/li,1,https://www.books.com.tw/products/0010928104||,珍藏繪本✕星空燙銀書衣✕全球獨家收藏帆布袋||,home_page
202207142000,閱讀話題_4,div[4]/div/div[7]/div[5]/ul/li,2,,暢銷全球70年的雋永童話||,home_page
202207142000,閱讀話題_4,div[4]/div/div[7]/div[5]/ul/li[2],1,https://www.books.com.tw/products/0010893342||,恐懼寫作的你，本書就是你的翻身寶典||,home_page
202207142000,閱讀話題_4,div[4]/div/div[7]/div[5]/ul/li[2],2,,李崇建帶寫作天團到你家||,home_page
202207142000,閱讀話題_4,div[4]/div/div[7]/div[5]/ul/li[3],1,https://www.books.com.tw/products/0010927340||,最受台、日、韓小朋友喜愛的知識解謎繪本||,home_page
202207142000,閱讀話題_4,div[4]/div/div[7]/div[5]/ul/li[3],2,,全國益智迷宮銷售NO.1||,home_page
202207142000,閱讀話題_4,div[4]/div/div[7]/div[5]/ul/li[4],1,https://www.books.com.tw/products/0010924551||,沒有解不開的謎！只要五分鐘，變身科學偵探||,home_page
202207142000,閱讀話題_4,div[4]/div/div[7]/div[5]/ul/li[4],2,,科學與邏輯推理的完美結合||,home_page
202207142000,閱讀話題_5,div[4]/div/div[7]/div/ul,1,https://activity.books.com.tw/crosscat/show/A00000051443||,暑假好好玩||,home_page
202207142000,閱讀話題_6,div[4]/div/div[7]/div/ul,1,,國外紅什麼||,home_page
202207142000,閱讀話題_6,div[4]/div/div[7]/div[7]/ul/li,1,https://www.books.com.tw/products/F018707299||,特價399元！樂高2023掛曆，含12款樂高積木設計||,home_page
202207142000,閱讀話題_6,div[4]/div/div[7]/div[7]/ul/li,2,https://activity.books.com.tw/crosscat/show/A00000047022||,拼圖399元起||,home_page
202207142000,閱讀話題_6,div[4]/div/div[7]/div[7]/ul/li[2],1,https://www.books.com.tw/products/F018263162||,賈伯斯之後：蘋果的兆元企業之路，與消逝的創新精神||,home_page
202207142000,閱讀話題_6,div[4]/div/div[7]/div[7]/ul/li[2],2,https://www.books.com.tw/exep/activity/promote/2007_promote/promote_activity.php||,精選滿額折100||,home_page
202207142000,閱讀話題_6,div[4]/div/div[7]/div[7]/ul/li[3],1,https://www.books.com.tw/products/F017969402||,獨家收錄概念藝術與劇組人員採訪||,home_page
202207142000,閱讀話題_6,div[4]/div/div[7]/div[7]/ul/li[3],2,https://activity.books.com.tw/crosscat/show/A00000050335||,漫畫滿600現折60||,home_page
202207142000,閱讀話題_6,div[4]/div/div[7]/div[7]/ul/li[4],1,https://www.books.com.tw/products/F014174777||,看莎莉．魯尼書寫好友之間，既親密又帶點心機的微妙關係||,home_page
202207142000,閱讀話題_6,div[4]/div/div[7]/div[7]/ul/li[4],2,,《聊天紀錄》影集原著小說||,home_page
202207142000,限時搶購_next,,1,https://activity.books.com.tw/crosscat/show/A00000045805/1||,"<button class=""button button1"">看更多<i class=""icon-right-open-1""></i></button>||",home_page
202207142000,限時搶購_next,div[4]/div/div[3]/div[2]/ul,1,https://activity.books.com.tw/crosscat/show/A00000050714||,,home_page
202207142000,限時搶購_next,div[4]/div/div[3]/div[2]/ul,2,,起床後的黃金1小時：揭開64位成功人士培養高效率的祕密時光，從他們的創意晨型活動中，建立屬於自己的高生產力、高抗壓生活習慣||,home_page
202207142000,限時搶購_next,div[4]/div/div[3]/div[2]/ul,3,https://activity.books.com.tw/crosscat/show/A00000052283||,,home_page
202207142000,限時搶購_next,div[4]/div/div[3]/div[2]/ul,4,,【全新福利品 29吋】簡易兩輪加大旅行箱/行李箱 (3色任選) 千鳥咖啡||,home_page
202207142000,限時搶購_next,div[4]/div/div[3]/div[2]/ul,5,https://www.books.com.tw/exep/activity/promote/2007_promote/promote_activity.php||,,home_page
202207142000,限時搶購_next,div[4]/div/div[3]/div[2]/ul,6,,【HWC 黑沃】咖啡極萃液 25mlx15入||,home_page
202207142000,限時搶購_next,div[4]/div/div[3]/div[2]/ul,7,https://www.books.com.tw/products/N001402365||,,home_page
202207142000,限時搶購_next,div[4]/div/div[3]/div[2]/ul,8,,LION日本獅王 奈米樂超濃縮抗菌洗衣精400g||,home_page
202207142000,限時搶購_next,div[4]/div/div[3]/div[2]/ul,9,https://activity.books.com.tw/crosscat/show/A00000050659||,,home_page
202207142000,限時搶購_next,div[4]/div/div[3]/div[2]/ul,10,,緘默的病人（博客來獨家書衣+作者燙金簽名版）||,home_page
202207142000,限時搶購_next,div[4]/div/div[3]/div[2]/ul,11,https://www.books.com.tw/products/E050134570||,,home_page
202207142000,限時搶購_next,div[4]/div/div[3]/div[2]/ul,12,,鑄鐵鍋做下飯菜──我愛Staub鑄鐵鍋，讓人胃口大開的常備菜譜 (電子書)||,home_page
202207142000,限時搶購_next,div[4]/div/div[3]/div[2]/ul,13,https://activity.books.com.tw/crosscat/show/A00000051011||,,home_page
202207142000,限時搶購_next,div[4]/div/div[3]/div[2]/ul,14,,芬蘭人的惡夢(超人氣幽默圖文書)||,home_page
202207142000,限時搶購_next,div[4]/div/div[3]/div[2]/ul,15,https://www.books.com.tw/products/N001396294||,,home_page
202207142000,限時搶購_next,div[4]/div/div[3]/div[2]/ul,16,,KOKUYO SOUSOU聯名側背包- 十數||,home_page
202207142000,限時搶購_next,div[4]/div/div[3]/div[2]/ul,17,https://www.books.com.tw/products/N012575262||,,home_page
202207142000,限時搶購_next,div[4]/div/div[3]/div[2]/ul,18,,ORIGINS 品木宣言 奇蹟抗痘面膜(新包裝)(75ml)(公司貨)||,home_page
202207142000,限時搶購_next,div[4]/div/div[3]/div[2]/ul,19,https://www.books.com.tw/products/N012873764||,,home_page
202207142000,限時搶購_next,div[4]/div/div[3]/div[2]/ul,20,,【CookPower 鍋寶】可微波316不鏽鋼保鮮盒-輕食3入組||,home_page
202207142000,限時搶購_next,div[4]/div/div[3]/div[2]/ul,21,https://www.books.com.tw/products/N001414524||,,home_page
202207142000,限時搶購_next,div[4]/div/div[3]/div[2]/ul,22,,NOKIA GaN氮化鎵 PD+QC 65W國際認證快充旅充 P6309 白色||,home_page
202207142000,限時搶購_next,div[4]/div/div[3]/div[2]/ul,23,https://www.books.com.tw/products/N011837602||,,home_page
202207142000,限時搶購_next,div[4]/div/div[3]/div[2]/ul,24,,【優鮮配】SWIFT美國安格斯PRIME剛剛好厚切沙朗牛排3片免運組(350g/片)||,home_page
202207142000,限時搶購_now,,1,,12:00場||,home_page
202207142000,限時搶購_now,,2,,00:00場||,home_page
202207142000,限時搶購_now,,3,https://activity.books.com.tw/crosscat/show/A00000045805/1||,"<button class=""button button1"">看更多<i class=""icon-right-open-1""></i></button>||看更多||",home_page
202207142000,限時搶購_now,,4,,距離結束03: 43: 24截止||,home_page
202207142000,限時搶購_now,div[4]/div/div[3]/div/ul,1,https://activity.books.com.tw/crosscat/show/A00000050714||,,home_page
202207142000,限時搶購_now,div[4]/div/div[3]/div/ul,2,,66折||,home_page
202207142000,限時搶購_now,div[4]/div/div[3]/div/ul,3,,馬上搶||,home_page
202207142000,限時搶購_now,div[4]/div/div[3]/div/ul,4,,讀懂一本書：3300萬會員、22億次收聽「樊登讀書」創始人知識變能力的祕密完整公開||,home_page
202207142000,限時搶購_now,div[4]/div/div[3]/div/ul,5,,$251/件$380||,home_page
202207142000,限時搶購_now,div[4]/div/div[3]/div/ul,6,https://activity.books.com.tw/crosscat/show/A00000042083||,,home_page
202207142000,限時搶購_now,div[4]/div/div[3]/div/ul,7,,NIKE WMNS NIKE OWAYSIS SANDAL 女 休閒鞋 CK9283002 US8 黑白色||,home_page
202207142000,限時搶購_now,div[4]/div/div[3]/div/ul,8,,$990/件$1800||,home_page
202207142000,限時搶購_now,div[4]/div/div[3]/div/ul,9,https://www.books.com.tw/products/N001357381||,,home_page
202207142000,限時搶購_now,div[4]/div/div[3]/div/ul,10,,【Hills 希爾思】完美體重 小型及迷你 成犬 雞肉 6.8公斤(狗飼料 狗糧 寵物飼料 天然食材)(有效日期2022/12/31)||,home_page
202207142000,限時搶購_now,div[4]/div/div[3]/div/ul,11,,$1805/件$2450||,home_page
202207142000,限時搶購_now,div[4]/div/div[3]/div/ul,12,https://www.books.com.tw/products/N001451063||,,home_page
202207142000,限時搶購_now,div[4]/div/div[3]/div/ul,13,,NS《異度神劍3》中文版+GAME’NIR Switch ProX-Dragon 六代無線手把||,home_page
202207142000,限時搶購_now,div[4]/div/div[3]/div/ul,14,,$2499/件$3280||,home_page
202207142000,限時搶購_now,div[4]/div/div[3]/div/ul,15,https://activity.books.com.tw/crosscat/show/A00000050659||,,home_page
202207142000,限時搶購_now,div[4]/div/div[3]/div/ul,16,,貝納德的墮落（新版）||,home_page
202207142000,限時搶購_now,div[4]/div/div[3]/div/ul,17,,$297/件$450||,home_page
202207142000,限時搶購_now,div[4]/div/div[3]/div/ul,18,https://activity.books.com.tw/crosscat/show/A00000050821||,,home_page
202207142000,限時搶購_now,div[4]/div/div[3]/div/ul,19,,專減內臟脂肪的低醣瘦肚湯：任選一餐改喝湯料理，單月無壓力－2.5公斤、褲子從XL改穿M號！ (電子書)||,home_page
202207142000,限時搶購_now,div[4]/div/div[3]/div/ul,20,,$149/件$350||,home_page
202207142000,限時搶購_now,div[4]/div/div[3]/div/ul,21,https://www.books.com.tw/products/F014720029||,,home_page
202207142000,限時搶購_now,div[4]/div/div[3]/div/ul,22,,Monocle日本全集||,home_page
202207142000,限時搶購_now,div[4]/div/div[3]/div/ul,23,,$1399/件$2750||,home_page
202207142000,限時搶購_now,div[4]/div/div[3]/div/ul,24,https://www.books.com.tw/products/N001212880||,,home_page
202207142000,限時搶購_now,div[4]/div/div[3]/div/ul,25,,瑞士百年SIGG米諾可保溫隨身杯 - 霧銀 470ml||,home_page
202207142000,限時搶購_now,div[4]/div/div[3]/div/ul,26,,$699/件$1280||,home_page
202207142000,限時搶購_now,div[4]/div/div[3]/div/ul,27,https://www.books.com.tw/products/N010168905||,,home_page
202207142000,限時搶購_now,div[4]/div/div[3]/div/ul,28,,剩餘26組||,home_page
202207142000,限時搶購_now,div[4]/div/div[3]/div/ul,29,,SK-Ⅱ 全效活膚潔面乳(120g)(公司貨)||,home_page
202207142000,限時搶購_now,div[4]/div/div[3]/div/ul,30,,$1299/件$2210||,home_page
202207142000,限時搶購_now,div[4]/div/div[3]/div/ul,31,https://www.books.com.tw/exep/activity/promote/2007_promote/promote_activity.php||,,home_page
202207142000,限時搶購_now,div[4]/div/div[3]/div/ul,32,,8折||,home_page
202207142000,限時搶購_now,div[4]/div/div[3]/div/ul,33,,已完售||,home_page
202207142000,限時搶購_now,div[4]/div/div[3]/div/ul,34,,【日本Gendai Hyakka】抗UV罐裝涼感巾 ‧ 北極熊||,home_page
202207142000,限時搶購_now,div[4]/div/div[3]/div/ul,35,,$448/件$622||,home_page
202207142000,限時搶購_now,div[4]/div/div[3]/div/ul,36,https://www.books.com.tw/products/N001298551||,,home_page
202207142000,限時搶購_now,div[4]/div/div[3]/div/ul,37,,aibo AB216 日式無印風 8吋USB充電折疊風扇 黑色||,home_page
202207142000,限時搶購_now,div[4]/div/div[3]/div/ul,38,,$499/件$2280||,home_page
202207142000,限時搶購_now,div[4]/div/div[3]/div/ul,39,,【High Tea】玉米鬚黑豆茶-無咖啡因養生茶(12入/袋)||,home_page
202207142000,限時搶購_now,div[4]/div/div[3]/div/ul,40,,$245/件$345||,home_page
202207142000,電子書_1,div[4]/div/div[4]/div/ul,1,https://activity.books.com.tw/crosscat/show/A00000050529||,全館焦點||,home_page
202207142000,電子書_2,div[4]/div/div[4]/div/ul,1,https://activity.books.com.tw/crosscat/show/A00000050821||,限時優惠||,home_page
202207142000,電子書_3,div[4]/div/div[4]/div/ul,1,,獨家首賣||,home_page
202207142000,電子書_3,div[4]/div/div[4]/div[4]/ul/li,1,https://activity.books.com.tw/crosscat/show/A00000051347||,世界教育部長絕響傑作，照亮時代的生命志業與卓越洞見||,home_page
202207142000,電子書_3,div[4]/div/div[4]/div[4]/ul/li,2,,獨家首賣，6折||,home_page
202207142000,電子書_3,div[4]/div/div[4]/div[4]/ul/li[2],1,https://www.books.com.tw/products/E050135450||,從生活微型革命開始，重新掌握人生的主導權！||,home_page
202207142000,電子書_3,div[4]/div/div[4]/div[4]/ul/li[3],1,https://www.books.com.tw/products/E050135301||,身體動起來是最有效的轉念法，能調節情緒、提振自信！||,home_page
202207142000,電子書_3,div[4]/div/div[4]/div[4]/ul/li[4],1,https://www.books.com.tw/products/E050135302||,老部落客換日線韓國散記，呈現首爾多變的樣貌！||,home_page
202207142000,電子書_4,div[4]/div/div[4]/div/ul,1,,話題新書||,home_page
202207142000,電子書_4,div[4]/div/div[4]/div[5]/ul/li,1,https://www.books.com.tw/products/E050135635||,矽谷阿帶你發揮12項職場硬實力，轉換跑道也不怕！||,home_page
202207142000,電子書_4,div[4]/div/div[4]/div[5]/ul/li,2,,定價6折||,home_page
202207142000,電子書_4,div[4]/div/div[4]/div[5]/ul/li[2],1,https://www.books.com.tw/products/E050135364||,三個面積跟臺灣差異不大的小國，如何帶領歐洲變歐盟？||,home_page
202207142000,電子書_4,div[4]/div/div[4]/div[5]/ul/li[3],1,https://activity.books.com.tw/crosscat/show/A00000052272||,《使女的故事》作者瑪格麗特．愛特伍，巔峰時期代表作！||,home_page
202207142000,電子書_4,div[4]/div/div[4]/div[5]/ul/li[4],1,https://www.books.com.tw/products/E050134533||,秒懂日文語境、語感，確實掌握說日文的眉角！||,home_page
202207142000,電子書_5,div[4]/div/div[4]/div/ul,1,,暢銷熱賣||,home_page
202207142000,電子書_5,div[4]/div/div[4]/div[6]/ul/li,1,https://activity.books.com.tw/crosscat/show/A00000052067||,一本以行動為核心的理財書，給你最切身且實用的觀念！||,home_page
202207142000,電子書_5,div[4]/div/div[4]/div[6]/ul/li,2,,吳淡如暢銷續作||,home_page
202207142000,電子書_5,div[4]/div/div[4]/div[6]/ul/li[2],1,https://www.books.com.tw/products/E050134159||,讀《莊子》觀照心、關注身、練習情，從日常練習成習慣||,home_page
202207142000,電子書_5,div[4]/div/div[4]/div[6]/ul/li[2],2,,蔡璧名最新力作||,home_page
202207142000,電子書_5,div[4]/div/div[4]/div[6]/ul/li[3],1,https://www.books.com.tw/products/E050133807||,李琴峰醞釀多年，揉合歷史與文化思索的奇幻寓言||,home_page
202207142000,電子書_5,div[4]/div/div[4]/div[6]/ul/li[3],2,,芥川獎得獎作||,home_page
202207142000,電子書_5,div[4]/div/div[4]/div[6]/ul/li[4],1,https://www.books.com.tw/products/E050135164||,讓孩子從小開啟財商天賦，及早啟發正確的理財觀念！||,home_page
202207142000,電子書_5,div[4]/div/div[4]/div[6]/ul/li[4],2,,讓孩子贏在終點||,home_page
202207142000,電子書_6,div[4]/div/div[4]/div/ul,1,,主題書展||,home_page
202207142000,電子書_6,div[4]/div/div[4]/div[7]/ul/li,1,https://activity.books.com.tw/crosscat/show/A00000050076/||,人氣口碑電子書，特價再88折||,home_page
202207142000,電子書_6,div[4]/div/div[4]/div[7]/ul/li,2,,本月熱賣！||,home_page
202207142000,電子書_6,div[4]/div/div[4]/div[7]/ul/li[2],1,https://www.books.com.tw/web/rentEPN0000015||,生命中無法割捨的感動！時時重溫、刻刻重逢！||,home_page
202207142000,電子書_6,div[4]/div/div[4]/div[7]/ul/li[2],2,,金庸經典訂閱149元起||,home_page
202207142000,電子書_6,div[4]/div/div[4]/div[7]/ul/li[3],1,https://activity.books.com.tw/crosscat/show/A00000051571||,像博學者一樣閱讀！參展書79折起||,home_page
202207142000,電子書_6,div[4]/div/div[4]/div[7]/ul/li[3],2,,麥田x小麥田全書系||,home_page
202207142000,電子書_6,div[4]/div/div[4]/div[7]/ul/li[4],1,https://activity.books.com.tw/crosscat/show/A00000051249||,引領身心靈的日常修鍊｜任選三本79折||,home_page
202207142000,電子書_6,div[4]/div/div[4]/div[7]/ul/li[4],2,,天下雜誌全書系||,home_page
202207142000,電子書_7,div[4]/div/div[4]/div/ul,1,,有聲．影音||,home_page
202207142000,電子書_7,div[4]/div/div[4]/div[8]/ul/li,1,https://activity.books.com.tw/crosscat/show/A00000051370||,活用經典突破思考盲點！資深廣播人袁光麟老師鏗鏘演繹||,home_page
202207142000,電子書_7,div[4]/div/div[4]/div[8]/ul/li,2,,獨家首賣7折！||,home_page
202207142000,電子書_7,div[4]/div/div[4]/div[8]/ul/li[2],1,https://www.books.com.tw/products/E070001955||,首度揭露圓山大飯店，深藏半世紀的幕後故事||,home_page
202207142000,電子書_7,div[4]/div/div[4]/div[8]/ul/li[2],2,,選書有聲版79折||,home_page
202207142000,電子書_7,div[4]/div/div[4]/div[8]/ul/li[3],1,https://www.books.com.tw/products/E070001957||,跟流行樂天才學商業創新思維||,home_page
202207142000,電子書_7,div[4]/div/div[4]/div[8]/ul/li[3],2,,獨家首賣79折||,home_page
202207142000,電子書_7,div[4]/div/div[4]/div[8]/ul/li[4],1,https://activity.books.com.tw/crosscat/show/A00000050244||,正念工坊執行長陪你培養專注，找回健康與喜悅的人生||,home_page
202207142000,電子書_7,div[4]/div/div[4]/div[8]/ul/li[4],2,,本月熱賣！||,home_page
202207142000,電子書_8,div[4]/div/div[4]/div/ul,1,,免費！||,home_page
202207142000,電子書_8,div[4]/div/div[4]/div[9]/ul/li,1,https://www.books.com.tw/products/E050129707||,每一段關係的結束，都是一個自我認識的小總結||,home_page
202207142000,電子書_8,div[4]/div/div[4]/div[9]/ul/li,2,,青春閱讀觀察||,home_page
202207142000,電子書_8,div[4]/div/div[4]/div[9]/ul/li[2],1,https://activity.books.com.tw/crosscat/show/A00000045147||,專業配音員朗讀呈現，15分鐘帶你快速了解一本好書||,home_page
202207142000,電子書_8,div[4]/div/div[4]/div[9]/ul/li[2],2,,高效率聽書體驗||,home_page
202207142000,電子書_8,div[4]/div/div[4]/div[9]/ul/li[3],1,https://www.books.com.tw/products/E050128866||,含16族語，以台灣為基地，找到自己的聲音||,home_page
202207142000,電子書_8,div[4]/div/div[4]/div[9]/ul/li[3],2,,原住民族語雜誌||,home_page
202207142000,電子書_8,div[4]/div/div[4]/div[9]/ul/li[4],1,https://www.books.com.tw/products/E070000980||,透過聲音，來認識台灣在生態環境、科技領域的各種第一名||,home_page
202207142000,電子書_8,div[4]/div/div[4]/div[9]/ul/li[4],2,,劇場式科學故事||,home_page
